{
    "loss": 1.8010472059249878,
    "accuracy": 0.7769784331321716
}